vaucher,site,lat,lon,bio3,bio6,bio4,bio11,bio5,bio1,bio10,elevate,bio12,bio13,bio14,bio15,bio16,bio17,bio18,bio19,bio8,bio9,bio2,bio7
"5120","Gaitán, Murcia, ES",37.561810000000001,-1.259270000000000,40.00000,60.00000,5273.00000,117.00000,319.00000,182.00000,252.00000,255.00000,278.00000,45.00000,2.00000,50.00000,113.00000,18.00000,31.00000,80.00000,155.00000,250.00000,106.00000,259.00000
"5121","Gaitán, Murcia, ES",37.561810000000001,-1.259270000000000,40.00000,60.00000,5273.00000,117.00000,319.00000,182.00000,252.00000,255.00000,278.00000,45.00000,2.00000,50.00000,113.00000,18.00000,31.00000,80.00000,155.00000,250.00000,106.00000,259.00000
"5122","Valcárcel, Murcia, ES",37.987050000000004,-1.128610000000000,42.00000,47.00000,5645.00000,110.00000,332.00000,180.00000,254.00000,0.00000,294.00000,48.00000,2.00000,51.00000,113.00000,21.00000,37.00000,76.00000,150.00000,254.00000,120.00000,285.00000
"40282","Tarifa, Cádiz, ES",36.014319999999998,-5.604440000000000,41.00000,80.00000,4015.00000,123.00000,277.00000,172.00000,226.00000,0.00000,828.00000,146.00000,0.00000,76.00000,398.00000,13.00000,21.00000,394.00000,132.00000,223.00000,81.00000,197.00000
"40283","Tarifa, Cádiz, ES",36.014319999999998,-5.604440000000000,41.00000,80.00000,4015.00000,123.00000,277.00000,172.00000,226.00000,0.00000,828.00000,146.00000,0.00000,76.00000,398.00000,13.00000,21.00000,394.00000,132.00000,223.00000,81.00000,197.00000
"66306","Benalup-Casas Viejas, Cádiz, ES",36.343179999999997,-5.816640000000000,37.00000,78.00000,4349.00000,118.00000,277.00000,172.00000,230.00000,116.00000,770.00000,131.00000,1.00000,72.00000,352.00000,16.00000,23.00000,337.00000,126.00000,226.00000,75.00000,199.00000
"66307","Benalup-Casas Viejas, Cádiz, ES",36.343179999999997,-5.816640000000000,37.00000,78.00000,4349.00000,118.00000,277.00000,172.00000,230.00000,116.00000,770.00000,131.00000,1.00000,72.00000,352.00000,16.00000,23.00000,337.00000,126.00000,226.00000,75.00000,199.00000
"66308","Benalup-Casas Viejas, Cádiz, ES",36.343179999999997,-5.816640000000000,37.00000,78.00000,4349.00000,118.00000,277.00000,172.00000,230.00000,116.00000,770.00000,131.00000,1.00000,72.00000,352.00000,16.00000,23.00000,337.00000,126.00000,226.00000,75.00000,199.00000
"68301","Tocha, Cantanhede, Coimbra, PT",40.322229999999998,-8.770140000000000,45.00000,65.00000,3463.00000,105.00000,245.00000,152.00000,194.00000,133.00000,960.00000,135.00000,10.00000,53.00000,388.00000,62.00000,70.00000,382.00000,113.00000,193.00000,81.00000,180.00000
"68302","Tocha, Cantanhede, Coimbra, PT",40.322229999999998,-8.770140000000000,45.00000,65.00000,3463.00000,105.00000,245.00000,152.00000,194.00000,133.00000,960.00000,135.00000,10.00000,53.00000,388.00000,62.00000,70.00000,382.00000,113.00000,193.00000,81.00000,180.00000
"68314","Tocha, Cantanhede, Coimbra, PT",40.322229999999998,-8.770140000000000,45.00000,65.00000,3463.00000,105.00000,245.00000,152.00000,194.00000,133.00000,960.00000,135.00000,10.00000,53.00000,388.00000,62.00000,70.00000,382.00000,113.00000,193.00000,81.00000,180.00000
"106625","Los Escoriales, Andújar, Jaén, ES",38.373399999999997,-4.125150000000000,37.00000,21.00000,6942.00000,71.00000,349.00000,155.00000,248.00000,177.00000,544.00000,78.00000,4.00000,52.00000,201.00000,28.00000,28.00000,188.00000,108.00000,248.00000,122.00000,328.00000
"106626","Los Escoriales, Andújar, Jaén, ES",38.373399999999997,-4.125150000000000,37.00000,21.00000,6942.00000,71.00000,349.00000,155.00000,248.00000,177.00000,544.00000,78.00000,4.00000,52.00000,201.00000,28.00000,28.00000,188.00000,108.00000,248.00000,122.00000,328.00000
"106627","Los Escoriales, Andújar, Jaén, ES",38.373399999999997,-4.125150000000000,37.00000,21.00000,6942.00000,71.00000,349.00000,155.00000,248.00000,177.00000,544.00000,78.00000,4.00000,52.00000,201.00000,28.00000,28.00000,188.00000,108.00000,248.00000,122.00000,328.00000
"106628","Los Escoriales, Andújar, Jaén, ES",38.373399999999997,-4.125150000000000,37.00000,21.00000,6942.00000,71.00000,349.00000,155.00000,248.00000,177.00000,544.00000,78.00000,4.00000,52.00000,201.00000,28.00000,28.00000,188.00000,108.00000,248.00000,122.00000,328.00000
"106642","Villanueva del Duque, Córdoba, ES",38.393120000000003,-4.998740000000000,37.00000,20.00000,6897.00000,70.00000,351.00000,154.00000,247.00000,109.00000,605.00000,86.00000,4.00000,54.00000,224.00000,29.00000,29.00000,216.00000,83.00000,247.00000,125.00000,331.00000
"106643","Villanueva del Duque, Córdoba, ES",38.393120000000003,-4.998740000000000,37.00000,20.00000,6897.00000,70.00000,351.00000,154.00000,247.00000,109.00000,605.00000,86.00000,4.00000,54.00000,224.00000,29.00000,29.00000,216.00000,83.00000,247.00000,125.00000,331.00000
"106644","Villanueva del Duque, Córdoba, ES",38.393120000000003,-4.998740000000000,37.00000,20.00000,6897.00000,70.00000,351.00000,154.00000,247.00000,109.00000,605.00000,86.00000,4.00000,54.00000,224.00000,29.00000,29.00000,216.00000,83.00000,247.00000,125.00000,331.00000
"106645","Villanueva del Duque, Córdoba, ES",38.393120000000003,-4.998740000000000,37.00000,20.00000,6897.00000,70.00000,351.00000,154.00000,247.00000,109.00000,605.00000,86.00000,4.00000,54.00000,224.00000,29.00000,29.00000,216.00000,83.00000,247.00000,125.00000,331.00000
"106655","El Pedroso, Sevilla, ES",37.841560000000001,-5.765530000000000,39.00000,32.00000,6488.00000,84.00000,349.00000,162.00000,249.00000,141.00000,643.00000,89.00000,3.00000,59.00000,258.00000,25.00000,30.00000,247.00000,92.00000,248.00000,124.00000,317.00000
"106656","El Pedroso, Sevilla, ES",37.841560000000001,-5.765530000000000,39.00000,32.00000,6488.00000,84.00000,349.00000,162.00000,249.00000,141.00000,643.00000,89.00000,3.00000,59.00000,258.00000,25.00000,30.00000,247.00000,92.00000,248.00000,124.00000,317.00000
"106657","El Pedroso, Sevilla, ES",37.841560000000001,-5.765530000000000,39.00000,32.00000,6488.00000,84.00000,349.00000,162.00000,249.00000,141.00000,643.00000,89.00000,3.00000,59.00000,258.00000,25.00000,30.00000,247.00000,92.00000,248.00000,124.00000,317.00000
"106659","El Pedroso, Sevilla, ES",37.841560000000001,-5.765530000000000,39.00000,32.00000,6488.00000,84.00000,349.00000,162.00000,249.00000,141.00000,643.00000,89.00000,3.00000,59.00000,258.00000,25.00000,30.00000,247.00000,92.00000,248.00000,124.00000,317.00000
"106697","Sedas, Espirito, Mértelo, Beja, PT",37.636290000000002,-7.664700000000000,41.00000,67.00000,4928.00000,111.00000,312.00000,171.00000,237.00000,231.00000,510.00000,77.00000,2.00000,62.00000,224.00000,20.00000,23.00000,212.00000,119.00000,233.00000,102.00000,245.00000
"106698","Sedas, Espirito, Mértelo, Beja, PT",37.636290000000002,-7.664700000000000,41.00000,67.00000,4928.00000,111.00000,312.00000,171.00000,237.00000,231.00000,510.00000,77.00000,2.00000,62.00000,224.00000,20.00000,23.00000,212.00000,119.00000,233.00000,102.00000,245.00000
"106699","Sedas, Espirito, Mértelo, Beja, PT",37.636290000000002,-7.664700000000000,41.00000,67.00000,4928.00000,111.00000,312.00000,171.00000,237.00000,231.00000,510.00000,77.00000,2.00000,62.00000,224.00000,20.00000,23.00000,212.00000,119.00000,233.00000,102.00000,245.00000
"106700","Sedas, Espirito, Mértelo, Beja, PT",37.636290000000002,-7.664700000000000,41.00000,67.00000,4928.00000,111.00000,312.00000,171.00000,237.00000,231.00000,510.00000,77.00000,2.00000,62.00000,224.00000,20.00000,23.00000,212.00000,119.00000,233.00000,102.00000,245.00000
"106718","Boticos, Abela, Santiago do Cacém, Setúbal, PT",38.005629999999996,-8.500769999999999,42.00000,72.00000,4434.00000,112.00000,297.00000,165.00000,225.00000,255.00000,589.00000,88.00000,2.00000,63.00000,261.00000,24.00000,25.00000,256.00000,120.00000,220.00000,96.00000,225.00000
"106719","Boticos, Abela, Santiago do Cacém, Setúbal, PT",38.005629999999996,-8.500769999999999,42.00000,72.00000,4434.00000,112.00000,297.00000,165.00000,225.00000,255.00000,589.00000,88.00000,2.00000,63.00000,261.00000,24.00000,25.00000,256.00000,120.00000,220.00000,96.00000,225.00000
"106720","Boticos, Abela, Santiago do Cacém, Setúbal, PT",38.005629999999996,-8.500769999999999,42.00000,72.00000,4434.00000,112.00000,297.00000,165.00000,225.00000,255.00000,589.00000,88.00000,2.00000,63.00000,261.00000,24.00000,25.00000,256.00000,120.00000,220.00000,96.00000,225.00000
"106721","Boticos, Abela, Santiago do Cacém, Setúbal, PT",38.005629999999996,-8.500769999999999,42.00000,72.00000,4434.00000,112.00000,297.00000,165.00000,225.00000,255.00000,589.00000,88.00000,2.00000,63.00000,261.00000,24.00000,25.00000,256.00000,120.00000,220.00000,96.00000,225.00000
"106741","Évora, Évora, PT",38.571429999999999,-7.913500000000000,40.00000,63.00000,5008.00000,101.00000,307.00000,161.00000,229.00000,207.00000,617.00000,85.00000,4.00000,56.00000,251.00000,35.00000,35.00000,251.00000,101.00000,225.00000,100.00000,244.00000
"106806","Burguillos del Cerro, Badajoz, ES",38.404449999999997,-6.599690000000000,38.00000,34.00000,6141.00000,81.00000,331.00000,156.00000,238.00000,193.00000,594.00000,80.00000,4.00000,54.00000,232.00000,33.00000,36.00000,221.00000,90.00000,236.00000,115.00000,297.00000
"106809","Burguillos del Cerro, Badajoz, ES",38.404449999999997,-6.599690000000000,38.00000,34.00000,6141.00000,81.00000,331.00000,156.00000,238.00000,193.00000,594.00000,80.00000,4.00000,54.00000,232.00000,33.00000,36.00000,221.00000,90.00000,236.00000,115.00000,297.00000
"106834","Don Benito, Badajoz, ES",38.954459999999997,-5.861890000000000,37.00000,37.00000,6581.00000,86.00000,352.00000,166.00000,254.00000,78.00000,487.00000,63.00000,3.00000,52.00000,180.00000,28.00000,28.00000,169.00000,94.00000,254.00000,119.00000,315.00000
"106836","Don Benito, Badajoz, ES",38.954459999999997,-5.861890000000000,37.00000,37.00000,6581.00000,86.00000,352.00000,166.00000,254.00000,78.00000,487.00000,63.00000,3.00000,52.00000,180.00000,28.00000,28.00000,169.00000,94.00000,254.00000,119.00000,315.00000
"106837","Don Benito, Badajoz, ES",38.954459999999997,-5.861890000000000,37.00000,37.00000,6581.00000,86.00000,352.00000,166.00000,254.00000,78.00000,487.00000,63.00000,3.00000,52.00000,180.00000,28.00000,28.00000,169.00000,94.00000,254.00000,119.00000,315.00000
"106838","Don Benito, Badajoz, ES",38.954459999999997,-5.861890000000000,37.00000,37.00000,6581.00000,86.00000,352.00000,166.00000,254.00000,78.00000,487.00000,63.00000,3.00000,52.00000,180.00000,28.00000,28.00000,169.00000,94.00000,254.00000,119.00000,315.00000
"106854","Aldeaseca de Alba, Salamanca, ES",40.818980000000003,-5.447640000000000,39.00000,-2.00000,6100.00000,44.00000,291.00000,118.00000,200.00000,132.00000,410.00000,49.00000,11.00000,32.00000,131.00000,56.00000,58.00000,113.00000,77.00000,197.00000,117.00000,293.00000
"106855","Aldeaseca de Alba, Salamanca, ES",40.818980000000003,-5.447640000000000,39.00000,-2.00000,6100.00000,44.00000,291.00000,118.00000,200.00000,132.00000,410.00000,49.00000,11.00000,32.00000,131.00000,56.00000,58.00000,113.00000,77.00000,197.00000,117.00000,293.00000
"106856","Aldeaseca de Alba, Salamanca, ES",40.818980000000003,-5.447640000000000,39.00000,-2.00000,6100.00000,44.00000,291.00000,118.00000,200.00000,132.00000,410.00000,49.00000,11.00000,32.00000,131.00000,56.00000,58.00000,113.00000,77.00000,197.00000,117.00000,293.00000
"106857","Aldeaseca de Alba, Salamanca, ES",40.818980000000003,-5.447640000000000,39.00000,-2.00000,6100.00000,44.00000,291.00000,118.00000,200.00000,132.00000,410.00000,49.00000,11.00000,32.00000,131.00000,56.00000,58.00000,113.00000,77.00000,197.00000,117.00000,293.00000
"106876","Menasalbas, Toledo, ES",39.641410000000000,-4.283340000000000,36.00000,5.00000,6844.00000,56.00000,327.00000,138.00000,231.00000,85.00000,431.00000,51.00000,8.00000,38.00000,144.00000,46.00000,46.00000,121.00000,122.00000,231.00000,118.00000,322.00000
"106877","Menasalbas, Toledo, ES",39.641410000000000,-4.283340000000000,36.00000,5.00000,6844.00000,56.00000,327.00000,138.00000,231.00000,85.00000,431.00000,51.00000,8.00000,38.00000,144.00000,46.00000,46.00000,121.00000,122.00000,231.00000,118.00000,322.00000
"106878","Menasalbas, Toledo, ES",39.641410000000000,-4.283340000000000,36.00000,5.00000,6844.00000,56.00000,327.00000,138.00000,231.00000,85.00000,431.00000,51.00000,8.00000,38.00000,144.00000,46.00000,46.00000,121.00000,122.00000,231.00000,118.00000,322.00000
"106879","Menasalbas, Toledo, ES",39.641410000000000,-4.283340000000000,36.00000,5.00000,6844.00000,56.00000,327.00000,138.00000,231.00000,85.00000,431.00000,51.00000,8.00000,38.00000,144.00000,46.00000,46.00000,121.00000,122.00000,231.00000,118.00000,322.00000
"106899","Malagón, Cuidad Real, ES",39.166800000000002,-3.853130000000000,38.00000,9.00000,6840.00000,63.00000,340.00000,145.00000,238.00000,156.00000,419.00000,50.00000,5.00000,42.00000,145.00000,37.00000,37.00000,123.00000,130.00000,238.00000,126.00000,331.00000
"106900","Malagón, Cuidad Real, ES",39.166800000000002,-3.853130000000000,38.00000,9.00000,6840.00000,63.00000,340.00000,145.00000,238.00000,156.00000,419.00000,50.00000,5.00000,42.00000,145.00000,37.00000,37.00000,123.00000,130.00000,238.00000,126.00000,331.00000
"106901","Malagón, Cuidad Real, ES",39.166800000000002,-3.853130000000000,38.00000,9.00000,6840.00000,63.00000,340.00000,145.00000,238.00000,156.00000,419.00000,50.00000,5.00000,42.00000,145.00000,37.00000,37.00000,123.00000,130.00000,238.00000,126.00000,331.00000
"106902","Malagón, Cuidad Real, ES",39.166800000000002,-3.853130000000000,38.00000,9.00000,6840.00000,63.00000,340.00000,145.00000,238.00000,156.00000,419.00000,50.00000,5.00000,42.00000,145.00000,37.00000,37.00000,123.00000,130.00000,238.00000,126.00000,331.00000
"106907","Carpio de Azaba, Salamanca, ES",40.596370000000000,-6.647100000000000,36.00000,18.00000,6085.00000,56.00000,291.00000,130.00000,212.00000,129.00000,721.00000,97.00000,9.00000,48.00000,279.00000,55.00000,56.00000,271.00000,64.00000,211.00000,100.00000,273.00000
"106908","Carpio de Azaba, Salamanca, ES",40.596370000000000,-6.647100000000000,36.00000,18.00000,6085.00000,56.00000,291.00000,130.00000,212.00000,129.00000,721.00000,97.00000,9.00000,48.00000,279.00000,55.00000,56.00000,271.00000,64.00000,211.00000,100.00000,273.00000
"106909","Carpio de Azaba, Salamanca, ES",40.596370000000000,-6.647100000000000,36.00000,18.00000,6085.00000,56.00000,291.00000,130.00000,212.00000,129.00000,721.00000,97.00000,9.00000,48.00000,279.00000,55.00000,56.00000,271.00000,64.00000,211.00000,100.00000,273.00000
"106910","Carpio de Azaba, Salamanca, ES",40.596370000000000,-6.647100000000000,36.00000,18.00000,6085.00000,56.00000,291.00000,130.00000,212.00000,129.00000,721.00000,97.00000,9.00000,48.00000,279.00000,55.00000,56.00000,271.00000,64.00000,211.00000,100.00000,273.00000
"106928","Paramos, Espinho, Aveiro, PT",40.972499999999997,-8.626030000000000,45.00000,57.00000,3610.00000,99.00000,242.00000,147.00000,193.00000,0.00000,1105.00000,150.00000,13.00000,52.00000,446.00000,74.00000,92.00000,426.00000,108.00000,191.00000,84.00000,185.00000
"106929","Paramos, Espinho, Aveiro, PT",40.972499999999997,-8.626030000000000,45.00000,57.00000,3610.00000,99.00000,242.00000,147.00000,193.00000,0.00000,1105.00000,150.00000,13.00000,52.00000,446.00000,74.00000,92.00000,426.00000,108.00000,191.00000,84.00000,185.00000
"106930","Paramos, Espinho, Aveiro, PT",40.972499999999997,-8.626030000000000,45.00000,57.00000,3610.00000,99.00000,242.00000,147.00000,193.00000,0.00000,1105.00000,150.00000,13.00000,52.00000,446.00000,74.00000,92.00000,426.00000,108.00000,191.00000,84.00000,185.00000
"106931","Paramos, Espinho, Aveiro, PT",40.972499999999997,-8.626030000000000,45.00000,57.00000,3610.00000,99.00000,242.00000,147.00000,193.00000,0.00000,1105.00000,150.00000,13.00000,52.00000,446.00000,74.00000,92.00000,426.00000,108.00000,191.00000,84.00000,185.00000
"106949","Doñana, Almonte, Huelva, ES",37.042720000000003,-6.434440000000000,37.00000,71.00000,5171.00000,115.00000,309.00000,179.00000,247.00000,133.00000,525.00000,81.00000,1.00000,65.00000,227.00000,15.00000,22.00000,207.00000,151.00000,245.00000,90.00000,238.00000
"106950","Doñana, Almonte, Huelva, ES",37.042720000000003,-6.434440000000000,37.00000,71.00000,5171.00000,115.00000,309.00000,179.00000,247.00000,133.00000,525.00000,81.00000,1.00000,65.00000,227.00000,15.00000,22.00000,207.00000,151.00000,245.00000,90.00000,238.00000
"106951","Doñana, Almonte, Huelva, ES",37.042720000000003,-6.434440000000000,37.00000,71.00000,5171.00000,115.00000,309.00000,179.00000,247.00000,133.00000,525.00000,81.00000,1.00000,65.00000,227.00000,15.00000,22.00000,207.00000,151.00000,245.00000,90.00000,238.00000
"106952","Doñana, Almonte, Huelva, ES",37.042720000000003,-6.434440000000000,37.00000,71.00000,5171.00000,115.00000,309.00000,179.00000,247.00000,133.00000,525.00000,81.00000,1.00000,65.00000,227.00000,15.00000,22.00000,207.00000,151.00000,245.00000,90.00000,238.00000
"106970","O Grove, Pontevedra, ES",42.495989999999999,-8.865140000000000,38.00000,79.00000,3442.00000,105.00000,232.00000,148.00000,193.00000,0.00000,1229.00000,175.00000,27.00000,47.00000,492.00000,112.00000,135.00000,451.00000,113.00000,192.00000,59.00000,153.00000
"106971","O Grove, Pontevedra, ES",42.495989999999999,-8.865140000000000,38.00000,79.00000,3442.00000,105.00000,232.00000,148.00000,193.00000,0.00000,1229.00000,175.00000,27.00000,47.00000,492.00000,112.00000,135.00000,451.00000,113.00000,192.00000,59.00000,153.00000
"106972","O Grove, Pontevedra, ES",42.495989999999999,-8.865140000000000,38.00000,79.00000,3442.00000,105.00000,232.00000,148.00000,193.00000,0.00000,1229.00000,175.00000,27.00000,47.00000,492.00000,112.00000,135.00000,451.00000,113.00000,192.00000,59.00000,153.00000
"106973","O Grove, Pontevedra, ES",42.495989999999999,-8.865140000000000,38.00000,79.00000,3442.00000,105.00000,232.00000,148.00000,193.00000,0.00000,1229.00000,175.00000,27.00000,47.00000,492.00000,112.00000,135.00000,451.00000,113.00000,192.00000,59.00000,153.00000
"106986","Redondo, Évora, PT",38.649000000000001,-7.543650000000000,40.00000,57.00000,5361.00000,98.00000,317.00000,163.00000,235.00000,236.00000,608.00000,82.00000,4.00000,55.00000,244.00000,36.00000,36.00000,243.00000,107.00000,231.00000,105.00000,260.00000
"106987","Redondo, Évora, PT",38.649000000000001,-7.543650000000000,40.00000,57.00000,5361.00000,98.00000,317.00000,163.00000,235.00000,236.00000,608.00000,82.00000,4.00000,55.00000,244.00000,36.00000,36.00000,243.00000,107.00000,231.00000,105.00000,260.00000
"106988","Redondo, Évora, PT",38.649000000000001,-7.543650000000000,40.00000,57.00000,5361.00000,98.00000,317.00000,163.00000,235.00000,236.00000,608.00000,82.00000,4.00000,55.00000,244.00000,36.00000,36.00000,243.00000,107.00000,231.00000,105.00000,260.00000
"106989","Redondo, Évora, PT",38.649000000000001,-7.543650000000000,40.00000,57.00000,5361.00000,98.00000,317.00000,163.00000,235.00000,236.00000,608.00000,82.00000,4.00000,55.00000,244.00000,36.00000,36.00000,243.00000,107.00000,231.00000,105.00000,260.00000
"107006","Faro, Faro, PT",37.019350000000003,-7.930430000000000,43.00000,77.00000,4134.00000,123.00000,288.00000,172.00000,228.00000,255.00000,505.00000,88.00000,1.00000,70.00000,247.00000,15.00000,18.00000,230.00000,131.00000,224.00000,91.00000,211.00000
"107007","Faro, Faro, PT",37.019350000000003,-7.930430000000000,43.00000,77.00000,4134.00000,123.00000,288.00000,172.00000,228.00000,255.00000,505.00000,88.00000,1.00000,70.00000,247.00000,15.00000,18.00000,230.00000,131.00000,224.00000,91.00000,211.00000
"107008","Faro, Faro, PT",37.019350000000003,-7.930430000000000,43.00000,77.00000,4134.00000,123.00000,288.00000,172.00000,228.00000,255.00000,505.00000,88.00000,1.00000,70.00000,247.00000,15.00000,18.00000,230.00000,131.00000,224.00000,91.00000,211.00000
"107009","Faro, Faro, PT",37.019350000000003,-7.930430000000000,43.00000,77.00000,4134.00000,123.00000,288.00000,172.00000,228.00000,255.00000,505.00000,88.00000,1.00000,70.00000,247.00000,15.00000,18.00000,230.00000,131.00000,224.00000,91.00000,211.00000
"107027","Malpartida de Cáceres, Cáceres, ES",39.451799999999999,-6.479700000000000,36.00000,41.00000,6339.00000,83.00000,335.00000,160.00000,245.00000,121.00000,537.00000,68.00000,4.00000,50.00000,203.00000,36.00000,36.00000,191.00000,92.00000,245.00000,108.00000,294.00000
"107028","Malpartida de Cáceres, Cáceres, ES",39.451799999999999,-6.479700000000000,36.00000,41.00000,6339.00000,83.00000,335.00000,160.00000,245.00000,121.00000,537.00000,68.00000,4.00000,50.00000,203.00000,36.00000,36.00000,191.00000,92.00000,245.00000,108.00000,294.00000
"107029","Malpartida de Cáceres, Cáceres, ES",39.451799999999999,-6.479700000000000,36.00000,41.00000,6339.00000,83.00000,335.00000,160.00000,245.00000,121.00000,537.00000,68.00000,4.00000,50.00000,203.00000,36.00000,36.00000,191.00000,92.00000,245.00000,108.00000,294.00000
"107030","Malpartida de Cáceres, Cáceres, ES",39.451799999999999,-6.479700000000000,36.00000,41.00000,6339.00000,83.00000,335.00000,160.00000,245.00000,121.00000,537.00000,68.00000,4.00000,50.00000,203.00000,36.00000,36.00000,191.00000,92.00000,245.00000,108.00000,294.00000
"107048","Tocha, Cantanhede, Coimbra, PT",40.322229999999998,-8.770140000000000,45.00000,65.00000,3463.00000,105.00000,245.00000,152.00000,194.00000,133.00000,960.00000,135.00000,10.00000,53.00000,388.00000,62.00000,70.00000,382.00000,113.00000,193.00000,81.00000,180.00000
"107049","Tocha, Cantanhede, Coimbra, PT",40.322229999999998,-8.770140000000000,45.00000,65.00000,3463.00000,105.00000,245.00000,152.00000,194.00000,133.00000,960.00000,135.00000,10.00000,53.00000,388.00000,62.00000,70.00000,382.00000,113.00000,193.00000,81.00000,180.00000
"107050","Tocha, Cantanhede, Coimbra, PT",40.322229999999998,-8.770140000000000,45.00000,65.00000,3463.00000,105.00000,245.00000,152.00000,194.00000,133.00000,960.00000,135.00000,10.00000,53.00000,388.00000,62.00000,70.00000,382.00000,113.00000,193.00000,81.00000,180.00000
"107051","Tocha, Cantanhede, Coimbra, PT",40.322229999999998,-8.770140000000000,45.00000,65.00000,3463.00000,105.00000,245.00000,152.00000,194.00000,133.00000,960.00000,135.00000,10.00000,53.00000,388.00000,62.00000,70.00000,382.00000,113.00000,193.00000,81.00000,180.00000
"107052","Tocha, Cantanhede, Coimbra, PT",40.322229999999998,-8.770140000000000,45.00000,65.00000,3463.00000,105.00000,245.00000,152.00000,194.00000,133.00000,960.00000,135.00000,10.00000,53.00000,388.00000,62.00000,70.00000,382.00000,113.00000,193.00000,81.00000,180.00000
"107057","Valencia de Alcántara, Cáceres, ES",39.412500000000001,-7.242900000000000,37.00000,49.00000,5775.00000,86.00000,313.00000,155.00000,233.00000,77.00000,772.00000,107.00000,6.00000,54.00000,308.00000,48.00000,49.00000,306.00000,94.00000,231.00000,99.00000,264.00000
"107058","Valencia de Alcántara, Cáceres, ES",39.412500000000001,-7.242900000000000,37.00000,49.00000,5775.00000,86.00000,313.00000,155.00000,233.00000,77.00000,772.00000,107.00000,6.00000,54.00000,308.00000,48.00000,49.00000,306.00000,94.00000,231.00000,99.00000,264.00000
"107059","Valencia de Alcántara, Cáceres, ES",39.412500000000001,-7.242900000000000,37.00000,49.00000,5775.00000,86.00000,313.00000,155.00000,233.00000,77.00000,772.00000,107.00000,6.00000,54.00000,308.00000,48.00000,49.00000,306.00000,94.00000,231.00000,99.00000,264.00000
"107060","Valencia de Alcántara, Cáceres, ES",39.412500000000001,-7.242900000000000,37.00000,49.00000,5775.00000,86.00000,313.00000,155.00000,233.00000,77.00000,772.00000,107.00000,6.00000,54.00000,308.00000,48.00000,49.00000,306.00000,94.00000,231.00000,99.00000,264.00000
"107070","Noviercas, Soria, ES",41.711610000000000,-2.033440000000000,38.00000,-28.00000,6074.00000,21.00000,261.00000,95.00000,176.00000,121.00000,594.00000,74.00000,33.00000,21.00000,187.00000,117.00000,130.00000,146.00000,115.00000,176.00000,112.00000,289.00000
"107071","Noviercas, Soria, ES",41.711610000000000,-2.033440000000000,38.00000,-28.00000,6074.00000,21.00000,261.00000,95.00000,176.00000,121.00000,594.00000,74.00000,33.00000,21.00000,187.00000,117.00000,130.00000,146.00000,115.00000,176.00000,112.00000,289.00000
"107072","Noviercas, Soria, ES",41.711610000000000,-2.033440000000000,38.00000,-28.00000,6074.00000,21.00000,261.00000,95.00000,176.00000,121.00000,594.00000,74.00000,33.00000,21.00000,187.00000,117.00000,130.00000,146.00000,115.00000,176.00000,112.00000,289.00000
"107073","Noviercas, Soria, ES",41.711610000000000,-2.033440000000000,38.00000,-28.00000,6074.00000,21.00000,261.00000,95.00000,176.00000,121.00000,594.00000,74.00000,33.00000,21.00000,187.00000,117.00000,130.00000,146.00000,115.00000,176.00000,112.00000,289.00000
"107086","Fuendetodos, Zaragoza, ES",41.343339999999998,-0.959360000000000,36.00000,-5.00000,6103.00000,42.00000,268.00000,118.00000,198.00000,40.00000,411.00000,61.00000,22.00000,32.00000,146.00000,76.00000,98.00000,77.00000,141.00000,53.00000,101.00000,273.00000
"107087","Fuendetodos, Zaragoza, ES",41.343339999999998,-0.959360000000000,36.00000,-5.00000,6103.00000,42.00000,268.00000,118.00000,198.00000,40.00000,411.00000,61.00000,22.00000,32.00000,146.00000,76.00000,98.00000,77.00000,141.00000,53.00000,101.00000,273.00000
"107088","Fuendetodos, Zaragoza, ES",41.343339999999998,-0.959360000000000,36.00000,-5.00000,6103.00000,42.00000,268.00000,118.00000,198.00000,40.00000,411.00000,61.00000,22.00000,32.00000,146.00000,76.00000,98.00000,77.00000,141.00000,53.00000,101.00000,273.00000
"107089","Fuendetodos, Zaragoza, ES",41.343339999999998,-0.959360000000000,36.00000,-5.00000,6103.00000,42.00000,268.00000,118.00000,198.00000,40.00000,411.00000,61.00000,22.00000,32.00000,146.00000,76.00000,98.00000,77.00000,141.00000,53.00000,101.00000,273.00000
"107094","Lleida, Lleida, ES",41.617579999999997,0.620010000000000,37.00000,15.00000,6685.00000,66.00000,319.00000,152.00000,237.00000,255.00000,420.00000,53.00000,19.00000,29.00000,139.00000,73.00000,99.00000,73.00000,180.00000,83.00000,115.00000,304.00000
"107095","Lleida, Lleida, ES",41.617579999999997,0.620010000000000,37.00000,15.00000,6685.00000,66.00000,319.00000,152.00000,237.00000,255.00000,420.00000,53.00000,19.00000,29.00000,139.00000,73.00000,99.00000,73.00000,180.00000,83.00000,115.00000,304.00000
"107096","Lleida, Lleida, ES",41.617579999999997,0.620010000000000,37.00000,15.00000,6685.00000,66.00000,319.00000,152.00000,237.00000,255.00000,420.00000,53.00000,19.00000,29.00000,139.00000,73.00000,99.00000,73.00000,180.00000,83.00000,115.00000,304.00000
"107097","Lleida, Lleida, ES",41.617579999999997,0.620010000000000,37.00000,15.00000,6685.00000,66.00000,319.00000,152.00000,237.00000,255.00000,420.00000,53.00000,19.00000,29.00000,139.00000,73.00000,99.00000,73.00000,180.00000,83.00000,115.00000,304.00000
"107114","Riudarenes, Girona, ES",41.826639999999998,2.713860000000000,30.00000,48.00000,5501.00000,87.00000,276.00000,155.00000,227.00000,255.00000,738.00000,109.00000,32.00000,29.00000,245.00000,137.00000,163.00000,163.00000,165.00000,226.00000,70.00000,228.00000
"107115","Riudarenes, Girona, ES",41.826639999999998,2.713860000000000,30.00000,48.00000,5501.00000,87.00000,276.00000,155.00000,227.00000,255.00000,738.00000,109.00000,32.00000,29.00000,245.00000,137.00000,163.00000,163.00000,165.00000,226.00000,70.00000,228.00000
"107116","Riudarenes, Girona, ES",41.826639999999998,2.713860000000000,30.00000,48.00000,5501.00000,87.00000,276.00000,155.00000,227.00000,255.00000,738.00000,109.00000,32.00000,29.00000,245.00000,137.00000,163.00000,163.00000,165.00000,226.00000,70.00000,228.00000
"107117","Riudarenes, Girona, ES",41.826639999999998,2.713860000000000,30.00000,48.00000,5501.00000,87.00000,276.00000,155.00000,227.00000,255.00000,738.00000,109.00000,32.00000,29.00000,245.00000,137.00000,163.00000,163.00000,165.00000,226.00000,70.00000,228.00000
"107134","Montblanc, Hérault, Languedoc-Roussillon, FR",43.397060000000003,3.367210000000000,37.00000,23.00000,5693.00000,72.00000,288.00000,145.00000,219.00000,255.00000,664.00000,89.00000,23.00000,28.00000,215.00000,105.00000,105.00000,180.00000,112.00000,219.00000,99.00000,265.00000
"107135","Montblanc, Hérault, Languedoc-Roussillon, FR",43.397060000000003,3.367210000000000,37.00000,23.00000,5693.00000,72.00000,288.00000,145.00000,219.00000,255.00000,664.00000,89.00000,23.00000,28.00000,215.00000,105.00000,105.00000,180.00000,112.00000,219.00000,99.00000,265.00000
"107136","Montblanc, Hérault, Languedoc-Roussillon, FR",43.397060000000003,3.367210000000000,37.00000,23.00000,5693.00000,72.00000,288.00000,145.00000,219.00000,255.00000,664.00000,89.00000,23.00000,28.00000,215.00000,105.00000,105.00000,180.00000,112.00000,219.00000,99.00000,265.00000
"107137","Montblanc, Hérault, Languedoc-Roussillon, FR",43.397060000000003,3.367210000000000,37.00000,23.00000,5693.00000,72.00000,288.00000,145.00000,219.00000,255.00000,664.00000,89.00000,23.00000,28.00000,215.00000,105.00000,105.00000,180.00000,112.00000,219.00000,99.00000,265.00000
"107150","Valdemanco, Madrid, ES",40.872290000000000,-3.662950000000000,36.00000,-8.00000,6414.00000,34.00000,278.00000,110.00000,197.00000,230.00000,500.00000,57.00000,16.00000,30.00000,158.00000,71.00000,76.00000,133.00000,69.00000,196.00000,104.00000,286.00000
"107151","Valdemanco, Madrid, ES",40.872290000000000,-3.662950000000000,36.00000,-8.00000,6414.00000,34.00000,278.00000,110.00000,197.00000,230.00000,500.00000,57.00000,16.00000,30.00000,158.00000,71.00000,76.00000,133.00000,69.00000,196.00000,104.00000,286.00000
"107152","Valdemanco, Madrid, ES",40.872290000000000,-3.662950000000000,36.00000,-8.00000,6414.00000,34.00000,278.00000,110.00000,197.00000,230.00000,500.00000,57.00000,16.00000,30.00000,158.00000,71.00000,76.00000,133.00000,69.00000,196.00000,104.00000,286.00000
"107154","Valflaunes, Hérault, Languedoc-Roussillon, FR",43.800170000000001,3.874340000000000,37.00000,6.00000,5868.00000,54.00000,278.00000,129.00000,205.00000,255.00000,754.00000,99.00000,30.00000,26.00000,241.00000,132.00000,132.00000,196.00000,136.00000,205.00000,101.00000,272.00000
"107155","Valflaunes, Hérault, Languedoc-Roussillon, FR",43.800170000000001,3.874340000000000,37.00000,6.00000,5868.00000,54.00000,278.00000,129.00000,205.00000,255.00000,754.00000,99.00000,30.00000,26.00000,241.00000,132.00000,132.00000,196.00000,136.00000,205.00000,101.00000,272.00000
"107156","Valflaunes, Hérault, Languedoc-Roussillon, FR",43.800170000000001,3.874340000000000,37.00000,6.00000,5868.00000,54.00000,278.00000,129.00000,205.00000,255.00000,754.00000,99.00000,30.00000,26.00000,241.00000,132.00000,132.00000,196.00000,136.00000,205.00000,101.00000,272.00000
"107157","Valflaunes, Hérault, Languedoc-Roussillon, FR",43.800170000000001,3.874340000000000,37.00000,6.00000,5868.00000,54.00000,278.00000,129.00000,205.00000,255.00000,754.00000,99.00000,30.00000,26.00000,241.00000,132.00000,132.00000,196.00000,136.00000,205.00000,101.00000,272.00000
"107175","Tivissa, Tarragona, ES",41.040860000000002,0.733080000000000,36.00000,24.00000,5656.00000,74.00000,277.00000,140.00000,216.00000,0.00000,614.00000,75.00000,19.00000,31.00000,202.00000,108.00000,127.00000,134.00000,145.00000,215.00000,92.00000,253.00000
"107176","Tivissa, Tarragona, ES",41.040860000000002,0.733080000000000,36.00000,24.00000,5656.00000,74.00000,277.00000,140.00000,216.00000,0.00000,614.00000,75.00000,19.00000,31.00000,202.00000,108.00000,127.00000,134.00000,145.00000,215.00000,92.00000,253.00000
"107179","Tivissa, Tarragona, ES",41.040860000000002,0.733080000000000,36.00000,24.00000,5656.00000,74.00000,277.00000,140.00000,216.00000,0.00000,614.00000,75.00000,19.00000,31.00000,202.00000,108.00000,127.00000,134.00000,145.00000,215.00000,92.00000,253.00000
"107180","Tivissa, Tarragona, ES",41.040860000000002,0.733080000000000,36.00000,24.00000,5656.00000,74.00000,277.00000,140.00000,216.00000,0.00000,614.00000,75.00000,19.00000,31.00000,202.00000,108.00000,127.00000,134.00000,145.00000,215.00000,92.00000,253.00000
"107190","Loja, Granada, ES",37.166179999999997,-4.149070000000000,38.00000,26.00000,6117.00000,76.00000,319.00000,149.00000,232.00000,0.00000,564.00000,79.00000,5.00000,56.00000,229.00000,26.00000,26.00000,218.00000,84.00000,232.00000,112.00000,293.00000
"107191","Loja, Granada, ES",37.166179999999997,-4.149070000000000,38.00000,26.00000,6117.00000,76.00000,319.00000,149.00000,232.00000,0.00000,564.00000,79.00000,5.00000,56.00000,229.00000,26.00000,26.00000,218.00000,84.00000,232.00000,112.00000,293.00000
"107192","Loja, Granada, ES",37.166179999999997,-4.149070000000000,38.00000,26.00000,6117.00000,76.00000,319.00000,149.00000,232.00000,0.00000,564.00000,79.00000,5.00000,56.00000,229.00000,26.00000,26.00000,218.00000,84.00000,232.00000,112.00000,293.00000
"107447","Fuendetodos, Zaragoza, ES",41.343339999999998,-0.959360000000000,36.00000,-5.00000,6103.00000,42.00000,268.00000,118.00000,198.00000,40.00000,411.00000,61.00000,22.00000,32.00000,146.00000,76.00000,98.00000,77.00000,141.00000,53.00000,101.00000,273.00000
"107448","Fuendetodos, Zaragoza, ES",41.343339999999998,-0.959360000000000,36.00000,-5.00000,6103.00000,42.00000,268.00000,118.00000,198.00000,40.00000,411.00000,61.00000,22.00000,32.00000,146.00000,76.00000,98.00000,77.00000,141.00000,53.00000,101.00000,273.00000
"107449","Fuendetodos, Zaragoza, ES",41.343339999999998,-0.959360000000000,36.00000,-5.00000,6103.00000,42.00000,268.00000,118.00000,198.00000,40.00000,411.00000,61.00000,22.00000,32.00000,146.00000,76.00000,98.00000,77.00000,141.00000,53.00000,101.00000,273.00000
"107472","Montuenga de Soria, Arcos de Jalón, Soria, ES",41.223909999999997,-2.211980000000000,38.00000,-11.00000,6310.00000,40.00000,283.00000,117.00000,200.00000,145.00000,440.00000,58.00000,22.00000,26.00000,143.00000,83.00000,91.00000,102.00000,139.00000,200.00000,112.00000,294.00000
"107476","Gárgoles, Cifuentes, Guadalajara, ES",40.732329999999997,-2.625750000000000,37.00000,-6.00000,6474.00000,42.00000,291.00000,120.00000,206.00000,172.00000,442.00000,54.00000,17.00000,27.00000,136.00000,72.00000,75.00000,108.00000,105.00000,206.00000,111.00000,297.00000
"107481","Navalmoral de la Mata, Cáceres, ES",39.893560000000001,-5.532960000000000,37.00000,32.00000,6538.00000,79.00000,338.00000,159.00000,246.00000,50.00000,388.00000,46.00000,5.00000,43.00000,133.00000,33.00000,33.00000,120.00000,117.00000,246.00000,115.00000,306.00000
"107482","Navalmoral de la Mata, Cáceres, ES",39.893560000000001,-5.532960000000000,37.00000,32.00000,6538.00000,79.00000,338.00000,159.00000,246.00000,50.00000,388.00000,46.00000,5.00000,43.00000,133.00000,33.00000,33.00000,120.00000,117.00000,246.00000,115.00000,306.00000
"107483","Navalmoral de la Mata, Cáceres, ES",39.893560000000001,-5.532960000000000,37.00000,32.00000,6538.00000,79.00000,338.00000,159.00000,246.00000,50.00000,388.00000,46.00000,5.00000,43.00000,133.00000,33.00000,33.00000,120.00000,117.00000,246.00000,115.00000,306.00000
"107484","Navalmoral de la Mata, Cáceres, ES",39.893560000000001,-5.532960000000000,37.00000,32.00000,6538.00000,79.00000,338.00000,159.00000,246.00000,50.00000,388.00000,46.00000,5.00000,43.00000,133.00000,33.00000,33.00000,120.00000,117.00000,246.00000,115.00000,306.00000
"107491","Bemposta, Mogadouro, Bragança, PT",41.307780000000001,-6.503640000000000,38.00000,7.00000,5983.00000,50.00000,287.00000,123.00000,203.00000,154.00000,628.00000,80.00000,11.00000,44.00000,238.00000,57.00000,57.00000,231.00000,57.00000,203.00000,108.00000,280.00000
"107492","Bemposta, Mogadouro, Bragança, PT",41.307780000000001,-6.503640000000000,38.00000,7.00000,5983.00000,50.00000,287.00000,123.00000,203.00000,154.00000,628.00000,80.00000,11.00000,44.00000,238.00000,57.00000,57.00000,231.00000,57.00000,203.00000,108.00000,280.00000
"107493","Bemposta, Mogadouro, Bragança, PT",41.307780000000001,-6.503640000000000,38.00000,7.00000,5983.00000,50.00000,287.00000,123.00000,203.00000,154.00000,628.00000,80.00000,11.00000,44.00000,238.00000,57.00000,57.00000,231.00000,57.00000,203.00000,108.00000,280.00000
"107494","Bemposta, Mogadouro, Bragança, PT",41.307780000000001,-6.503640000000000,38.00000,7.00000,5983.00000,50.00000,287.00000,123.00000,203.00000,154.00000,628.00000,80.00000,11.00000,44.00000,238.00000,57.00000,57.00000,231.00000,57.00000,203.00000,108.00000,280.00000
"107504","Pataias, Alcobaça, Leiria, PT",39.683210000000003,-9.001840000000000,42.00000,74.00000,3305.00000,109.00000,239.00000,152.00000,194.00000,0.00000,789.00000,120.00000,6.00000,59.00000,335.00000,41.00000,47.00000,322.00000,117.00000,191.00000,70.00000,165.00000
"107513","Autilla del Pino, Palencia, ES",41.991190000000003,-4.630830000000000,38.00000,-12.00000,5792.00000,45.00000,284.00000,116.00000,193.00000,112.00000,457.00000,52.00000,18.00000,28.00000,143.00000,66.00000,81.00000,118.00000,90.00000,192.00000,115.00000,296.00000
"107514","Autilla del Pino, Palencia, ES",41.991190000000003,-4.630830000000000,38.00000,-12.00000,5792.00000,45.00000,284.00000,116.00000,193.00000,112.00000,457.00000,52.00000,18.00000,28.00000,143.00000,66.00000,81.00000,118.00000,90.00000,192.00000,115.00000,296.00000
"107518","Autilla del Pino, Palencia, ES",41.991190000000003,-4.630830000000000,38.00000,-12.00000,5792.00000,45.00000,284.00000,116.00000,193.00000,112.00000,457.00000,52.00000,18.00000,28.00000,143.00000,66.00000,81.00000,118.00000,90.00000,192.00000,115.00000,296.00000
"107519","Autilla del Pino, Palencia, ES",41.991190000000003,-4.630830000000000,38.00000,-12.00000,5792.00000,45.00000,284.00000,116.00000,193.00000,112.00000,457.00000,52.00000,18.00000,28.00000,143.00000,66.00000,81.00000,118.00000,90.00000,192.00000,115.00000,296.00000
"107535","Valdunciel, Salamanca, ES",41.085610000000003,-5.672740000000000,40.00000,-2.00000,6179.00000,43.00000,292.00000,118.00000,201.00000,145.00000,397.00000,49.00000,11.00000,36.00000,140.00000,54.00000,54.00000,109.00000,78.00000,201.00000,118.00000,294.00000
"107536","Valdunciel, Salamanca, ES",41.085610000000003,-5.672740000000000,40.00000,-2.00000,6179.00000,43.00000,292.00000,118.00000,201.00000,145.00000,397.00000,49.00000,11.00000,36.00000,140.00000,54.00000,54.00000,109.00000,78.00000,201.00000,118.00000,294.00000
"107537","Valdunciel, Salamanca, ES",41.085610000000003,-5.672740000000000,40.00000,-2.00000,6179.00000,43.00000,292.00000,118.00000,201.00000,145.00000,397.00000,49.00000,11.00000,36.00000,140.00000,54.00000,54.00000,109.00000,78.00000,201.00000,118.00000,294.00000
"107538","Valdunciel, Salamanca, ES",41.085610000000003,-5.672740000000000,40.00000,-2.00000,6179.00000,43.00000,292.00000,118.00000,201.00000,145.00000,397.00000,49.00000,11.00000,36.00000,140.00000,54.00000,54.00000,109.00000,78.00000,201.00000,118.00000,294.00000
"107545","Valdefinjas, Zamora, ES",41.451940000000000,-5.452550000000000,39.00000,0.00000,6105.00000,46.00000,294.00000,121.00000,202.00000,138.00000,366.00000,43.00000,12.00000,32.00000,122.00000,53.00000,55.00000,98.00000,82.00000,200.00000,117.00000,294.00000
"107546","Valdefinjas, Zamora, ES",41.451940000000000,-5.452550000000000,39.00000,0.00000,6105.00000,46.00000,294.00000,121.00000,202.00000,138.00000,366.00000,43.00000,12.00000,32.00000,122.00000,53.00000,55.00000,98.00000,82.00000,200.00000,117.00000,294.00000
"107547","Valdefinjas, Zamora, ES",41.451940000000000,-5.452550000000000,39.00000,0.00000,6105.00000,46.00000,294.00000,121.00000,202.00000,138.00000,366.00000,43.00000,12.00000,32.00000,122.00000,53.00000,55.00000,98.00000,82.00000,200.00000,117.00000,294.00000
"107548","Valdefinjas, Zamora, ES",41.451940000000000,-5.452550000000000,39.00000,0.00000,6105.00000,46.00000,294.00000,121.00000,202.00000,138.00000,366.00000,43.00000,12.00000,32.00000,122.00000,53.00000,55.00000,98.00000,82.00000,200.00000,117.00000,294.00000
"107565","Banyeres de Mariola, Alicante, ES",38.703380000000003,-0.686790000000000,39.00000,14.00000,5790.00000,66.00000,286.00000,135.00000,214.00000,61.00000,523.00000,70.00000,15.00000,33.00000,177.00000,75.00000,87.00000,122.00000,147.00000,212.00000,108.00000,272.00000
"107566","Banyeres de Mariola, Alicante, ES",38.703380000000003,-0.686790000000000,39.00000,14.00000,5790.00000,66.00000,286.00000,135.00000,214.00000,61.00000,523.00000,70.00000,15.00000,33.00000,177.00000,75.00000,87.00000,122.00000,147.00000,212.00000,108.00000,272.00000
"107567","Banyeres de Mariola, Alicante, ES",38.703380000000003,-0.686790000000000,39.00000,14.00000,5790.00000,66.00000,286.00000,135.00000,214.00000,61.00000,523.00000,70.00000,15.00000,33.00000,177.00000,75.00000,87.00000,122.00000,147.00000,212.00000,108.00000,272.00000
"107568","Banyeres de Mariola, Alicante, ES",38.703380000000003,-0.686790000000000,39.00000,14.00000,5790.00000,66.00000,286.00000,135.00000,214.00000,61.00000,523.00000,70.00000,15.00000,33.00000,177.00000,75.00000,87.00000,122.00000,147.00000,212.00000,108.00000,272.00000
"107576","Izagre, León, ES",42.223790000000001,-5.257340000000000,39.00000,-5.00000,5805.00000,44.00000,283.00000,116.00000,193.00000,143.00000,476.00000,59.00000,21.00000,29.00000,165.00000,81.00000,83.00000,126.00000,83.00000,191.00000,115.00000,288.00000
"107577","Izagre, León, ES",42.223790000000001,-5.257340000000000,39.00000,-5.00000,5805.00000,44.00000,283.00000,116.00000,193.00000,143.00000,476.00000,59.00000,21.00000,29.00000,165.00000,81.00000,83.00000,126.00000,83.00000,191.00000,115.00000,288.00000
"107578","Izagre, León, ES",42.223790000000001,-5.257340000000000,39.00000,-5.00000,5805.00000,44.00000,283.00000,116.00000,193.00000,143.00000,476.00000,59.00000,21.00000,29.00000,165.00000,81.00000,83.00000,126.00000,83.00000,191.00000,115.00000,288.00000
"107585","Bienservida, Albacete, ES",38.517069999999997,-2.610860000000000,38.00000,-3.00000,6618.00000,50.00000,315.00000,128.00000,218.00000,119.00000,488.00000,62.00000,11.00000,36.00000,169.00000,57.00000,58.00000,132.00000,108.00000,218.00000,122.00000,318.00000
"107586","Bienservida, Albacete, ES",38.517069999999997,-2.610860000000000,38.00000,-3.00000,6618.00000,50.00000,315.00000,128.00000,218.00000,119.00000,488.00000,62.00000,11.00000,36.00000,169.00000,57.00000,58.00000,132.00000,108.00000,218.00000,122.00000,318.00000
"107587","Bienservida, Albacete, ES",38.517069999999997,-2.610860000000000,38.00000,-3.00000,6618.00000,50.00000,315.00000,128.00000,218.00000,119.00000,488.00000,62.00000,11.00000,36.00000,169.00000,57.00000,58.00000,132.00000,108.00000,218.00000,122.00000,318.00000
"107589","Bienservida, Albacete, ES",38.517069999999997,-2.610860000000000,38.00000,-3.00000,6618.00000,50.00000,315.00000,128.00000,218.00000,119.00000,488.00000,62.00000,11.00000,36.00000,169.00000,57.00000,58.00000,132.00000,108.00000,218.00000,122.00000,318.00000
"107595","Sinarcas, Valencia, ES",39.731710000000000,-1.230150000000000,38.00000,3.00000,6164.00000,51.00000,281.00000,124.00000,207.00000,138.00000,455.00000,56.00000,20.00000,29.00000,147.00000,88.00000,90.00000,88.00000,141.00000,51.00000,107.00000,278.00000
"107596","Sinarcas, Valencia, ES",39.731710000000000,-1.230150000000000,38.00000,3.00000,6164.00000,51.00000,281.00000,124.00000,207.00000,138.00000,455.00000,56.00000,20.00000,29.00000,147.00000,88.00000,90.00000,88.00000,141.00000,51.00000,107.00000,278.00000
"107597","Sinarcas, Valencia, ES",39.731710000000000,-1.230150000000000,38.00000,3.00000,6164.00000,51.00000,281.00000,124.00000,207.00000,138.00000,455.00000,56.00000,20.00000,29.00000,147.00000,88.00000,90.00000,88.00000,141.00000,51.00000,107.00000,278.00000
"107598","Sinarcas, Valencia, ES",39.731710000000000,-1.230150000000000,38.00000,3.00000,6164.00000,51.00000,281.00000,124.00000,207.00000,138.00000,455.00000,56.00000,20.00000,29.00000,147.00000,88.00000,90.00000,88.00000,141.00000,51.00000,107.00000,278.00000
"107615","Los Palancares, Cuenca, ES",40.031269999999999,-2.005590000000000,38.00000,-22.00000,6475.00000,33.00000,291.00000,110.00000,198.00000,97.00000,538.00000,68.00000,21.00000,27.00000,178.00000,90.00000,99.00000,126.00000,93.00000,196.00000,122.00000,313.00000
"107616","Los Palancares, Cuenca, ES",40.031269999999999,-2.005590000000000,38.00000,-22.00000,6475.00000,33.00000,291.00000,110.00000,198.00000,97.00000,538.00000,68.00000,21.00000,27.00000,178.00000,90.00000,99.00000,126.00000,93.00000,196.00000,122.00000,313.00000
"107617","Los Palancares, Cuenca, ES",40.031269999999999,-2.005590000000000,38.00000,-22.00000,6475.00000,33.00000,291.00000,110.00000,198.00000,97.00000,538.00000,68.00000,21.00000,27.00000,178.00000,90.00000,99.00000,126.00000,93.00000,196.00000,122.00000,313.00000
"107635","Cabezarrubias del Puerto, Cuidad Real, ES",38.615499999999997,-4.183950000000000,37.00000,13.00000,6940.00000,64.00000,345.00000,148.00000,242.00000,140.00000,522.00000,70.00000,5.00000,48.00000,185.00000,34.00000,34.00000,172.00000,102.00000,242.00000,125.00000,332.00000
"107636","Cabezarrubias del Puerto, Cuidad Real, ES",38.615499999999997,-4.183950000000000,37.00000,13.00000,6940.00000,64.00000,345.00000,148.00000,242.00000,140.00000,522.00000,70.00000,5.00000,48.00000,185.00000,34.00000,34.00000,172.00000,102.00000,242.00000,125.00000,332.00000
"107651","Arnedo, La Rioja, ES",42.225670000000001,-2.102070000000000,38.00000,1.00000,5971.00000,47.00000,279.00000,122.00000,199.00000,143.00000,534.00000,63.00000,29.00000,21.00000,163.00000,104.00000,114.00000,132.00000,143.00000,199.00000,108.00000,278.00000
"107652","Arnedo, La Rioja, ES",42.225670000000001,-2.102070000000000,38.00000,1.00000,5971.00000,47.00000,279.00000,122.00000,199.00000,143.00000,534.00000,63.00000,29.00000,21.00000,163.00000,104.00000,114.00000,132.00000,143.00000,199.00000,108.00000,278.00000
"107653","Arnedo, La Rioja, ES",42.225670000000001,-2.102070000000000,38.00000,1.00000,5971.00000,47.00000,279.00000,122.00000,199.00000,143.00000,534.00000,63.00000,29.00000,21.00000,163.00000,104.00000,114.00000,132.00000,143.00000,199.00000,108.00000,278.00000
"107655","Arnedo, La Rioja, ES",42.225670000000001,-2.102070000000000,38.00000,1.00000,5971.00000,47.00000,279.00000,122.00000,199.00000,143.00000,534.00000,63.00000,29.00000,21.00000,163.00000,104.00000,114.00000,132.00000,143.00000,199.00000,108.00000,278.00000
"107661","Cabanillas, Navarra, ES",42.032209999999999,-1.524490000000000,38.00000,17.00000,6034.00000,63.00000,295.00000,139.00000,217.00000,146.00000,470.00000,57.00000,22.00000,24.00000,141.00000,85.00000,85.00000,119.00000,162.00000,217.00000,106.00000,278.00000
"107662","Cabanillas, Navarra, ES",42.032209999999999,-1.524490000000000,38.00000,17.00000,6034.00000,63.00000,295.00000,139.00000,217.00000,146.00000,470.00000,57.00000,22.00000,24.00000,141.00000,85.00000,85.00000,119.00000,162.00000,217.00000,106.00000,278.00000
"107663","Cabanillas, Navarra, ES",42.032209999999999,-1.524490000000000,38.00000,17.00000,6034.00000,63.00000,295.00000,139.00000,217.00000,146.00000,470.00000,57.00000,22.00000,24.00000,141.00000,85.00000,85.00000,119.00000,162.00000,217.00000,106.00000,278.00000
"107664","Cabanillas, Navarra, ES",42.032209999999999,-1.524490000000000,38.00000,17.00000,6034.00000,63.00000,295.00000,139.00000,217.00000,146.00000,470.00000,57.00000,22.00000,24.00000,141.00000,85.00000,85.00000,119.00000,162.00000,217.00000,106.00000,278.00000
"107681","Plage Biscarrose, Landes, Aquitaine, FR",44.446359999999999,-1.246550000000000,41.00000,27.00000,4842.00000,67.00000,251.00000,130.00000,191.00000,0.00000,1159.00000,137.00000,60.00000,23.00000,379.00000,218.00000,247.00000,351.00000,76.00000,191.00000,92.00000,224.00000
"107682","Plage Biscarrose, Landes, Aquitaine, FR",44.446359999999999,-1.246550000000000,41.00000,27.00000,4842.00000,67.00000,251.00000,130.00000,191.00000,0.00000,1159.00000,137.00000,60.00000,23.00000,379.00000,218.00000,247.00000,351.00000,76.00000,191.00000,92.00000,224.00000
"107683","Plage Biscarrose, Landes, Aquitaine, FR",44.446359999999999,-1.246550000000000,41.00000,27.00000,4842.00000,67.00000,251.00000,130.00000,191.00000,0.00000,1159.00000,137.00000,60.00000,23.00000,379.00000,218.00000,247.00000,351.00000,76.00000,191.00000,92.00000,224.00000
"107684","Plage Biscarrose, Landes, Aquitaine, FR",44.446359999999999,-1.246550000000000,41.00000,27.00000,4842.00000,67.00000,251.00000,130.00000,191.00000,0.00000,1159.00000,137.00000,60.00000,23.00000,379.00000,218.00000,247.00000,351.00000,76.00000,191.00000,92.00000,224.00000
"107703","Villamayor de los Montes, Burgos, ES",42.106150000000000,-3.765730000000000,37.00000,-7.00000,5801.00000,36.00000,266.00000,107.00000,184.00000,126.00000,523.00000,58.00000,24.00000,23.00000,155.00000,88.00000,96.00000,134.00000,74.00000,184.00000,102.00000,273.00000
"107704","Villamayor de los Montes, Burgos, ES",42.106150000000000,-3.765730000000000,37.00000,-7.00000,5801.00000,36.00000,266.00000,107.00000,184.00000,126.00000,523.00000,58.00000,24.00000,23.00000,155.00000,88.00000,96.00000,134.00000,74.00000,184.00000,102.00000,273.00000
"107705","Villamayor de los Montes, Burgos, ES",42.106150000000000,-3.765730000000000,37.00000,-7.00000,5801.00000,36.00000,266.00000,107.00000,184.00000,126.00000,523.00000,58.00000,24.00000,23.00000,155.00000,88.00000,96.00000,134.00000,74.00000,184.00000,102.00000,273.00000
"107706","Villamayor de los Montes, Burgos, ES",42.106150000000000,-3.765730000000000,37.00000,-7.00000,5801.00000,36.00000,266.00000,107.00000,184.00000,126.00000,523.00000,58.00000,24.00000,23.00000,155.00000,88.00000,96.00000,134.00000,74.00000,184.00000,102.00000,273.00000
"107714","Boceguillas, Segovia, ES",41.336950000000002,-3.638880000000000,36.00000,-8.00000,6243.00000,35.00000,275.00000,110.00000,194.00000,152.00000,483.00000,55.00000,17.00000,27.00000,147.00000,73.00000,81.00000,125.00000,72.00000,193.00000,104.00000,283.00000
"107715","Boceguillas, Segovia, ES",41.336950000000002,-3.638880000000000,36.00000,-8.00000,6243.00000,35.00000,275.00000,110.00000,194.00000,152.00000,483.00000,55.00000,17.00000,27.00000,147.00000,73.00000,81.00000,125.00000,72.00000,193.00000,104.00000,283.00000
"107716","Boceguillas, Segovia, ES",41.336950000000002,-3.638880000000000,36.00000,-8.00000,6243.00000,35.00000,275.00000,110.00000,194.00000,152.00000,483.00000,55.00000,17.00000,27.00000,147.00000,73.00000,81.00000,125.00000,72.00000,193.00000,104.00000,283.00000
"107717","Boceguillas, Segovia, ES",41.336950000000002,-3.638880000000000,36.00000,-8.00000,6243.00000,35.00000,275.00000,110.00000,194.00000,152.00000,483.00000,55.00000,17.00000,27.00000,147.00000,73.00000,81.00000,125.00000,72.00000,193.00000,104.00000,283.00000
"107740","La Porroquia, Lorca, Murcia, ES",37.728250000000003,-1.894590000000000,39.00000,31.00000,5843.00000,86.00000,312.00000,156.00000,235.00000,153.00000,353.00000,45.00000,6.00000,40.00000,119.00000,34.00000,41.00000,98.00000,124.00000,233.00000,111.00000,281.00000
"107741","La Porroquia, Lorca, Murcia, ES",37.728250000000003,-1.894590000000000,39.00000,31.00000,5843.00000,86.00000,312.00000,156.00000,235.00000,153.00000,353.00000,45.00000,6.00000,40.00000,119.00000,34.00000,41.00000,98.00000,124.00000,233.00000,111.00000,281.00000
"107742","La Porroquia, Lorca, Murcia, ES",37.728250000000003,-1.894590000000000,39.00000,31.00000,5843.00000,86.00000,312.00000,156.00000,235.00000,153.00000,353.00000,45.00000,6.00000,40.00000,119.00000,34.00000,41.00000,98.00000,124.00000,233.00000,111.00000,281.00000
"107750","Benalup-Casas Viejas, Cádiz, ES",36.343179999999997,-5.816640000000000,37.00000,78.00000,4349.00000,118.00000,277.00000,172.00000,230.00000,116.00000,770.00000,131.00000,1.00000,72.00000,352.00000,16.00000,23.00000,337.00000,126.00000,226.00000,75.00000,199.00000
"109024","Gárgoles, Cifuentes, Guadalajara, ES",40.732329999999997,-2.625750000000000,37.00000,-6.00000,6474.00000,42.00000,291.00000,120.00000,206.00000,172.00000,442.00000,54.00000,17.00000,27.00000,136.00000,72.00000,75.00000,108.00000,105.00000,206.00000,111.00000,297.00000
"9052","Pontevedra, As Neves, Arbo",42.102443000000001,-8.453417999999999,40.00000,56.00000,4203.00000,92.00000,258.00000,145.00000,199.00000,255.00000,1301.00000,199.00000,23.00000,49.00000,516.00000,106.00000,123.00000,502.00000,99.00000,199.00000,82.00000,202.00000
"9053","Pontevedra, As Neves, Arbo",42.102443000000001,-8.453417999999999,40.00000,56.00000,4203.00000,92.00000,258.00000,145.00000,199.00000,255.00000,1301.00000,199.00000,23.00000,49.00000,516.00000,106.00000,123.00000,502.00000,99.00000,199.00000,82.00000,202.00000
"9054","Pontevedra, As Neves, Arbo",42.102443000000001,-8.453417999999999,40.00000,56.00000,4203.00000,92.00000,258.00000,145.00000,199.00000,255.00000,1301.00000,199.00000,23.00000,49.00000,516.00000,106.00000,123.00000,502.00000,99.00000,199.00000,82.00000,202.00000
"9055","Pontevedra, As Neves, Arbo",42.102443000000001,-8.453417999999999,40.00000,56.00000,4203.00000,92.00000,258.00000,145.00000,199.00000,255.00000,1301.00000,199.00000,23.00000,49.00000,516.00000,106.00000,123.00000,502.00000,99.00000,199.00000,82.00000,202.00000
"9056","Pontevedra, As Neves, Arbo",42.102443000000001,-8.453417999999999,40.00000,56.00000,4203.00000,92.00000,258.00000,145.00000,199.00000,255.00000,1301.00000,199.00000,23.00000,49.00000,516.00000,106.00000,123.00000,502.00000,99.00000,199.00000,82.00000,202.00000
"9071","Ourense, Vilar  de Cruces",42.146281000000002,-7.656734000000000,38.00000,15.00000,5191.00000,58.00000,260.00000,121.00000,190.00000,71.00000,1087.00000,149.00000,22.00000,46.00000,416.00000,98.00000,98.00000,411.00000,64.00000,190.00000,95.00000,245.00000
"9072","Ourense, Vilar  de Cruces",42.146281000000002,-7.656734000000000,38.00000,15.00000,5191.00000,58.00000,260.00000,121.00000,190.00000,71.00000,1087.00000,149.00000,22.00000,46.00000,416.00000,98.00000,98.00000,411.00000,64.00000,190.00000,95.00000,245.00000
"9073","Ourense, Vilar  de Cruces",42.146281000000002,-7.656734000000000,38.00000,15.00000,5191.00000,58.00000,260.00000,121.00000,190.00000,71.00000,1087.00000,149.00000,22.00000,46.00000,416.00000,98.00000,98.00000,411.00000,64.00000,190.00000,95.00000,245.00000
"9074","Ourense, Vilar  de Cruces",42.146281000000002,-7.656734000000000,38.00000,15.00000,5191.00000,58.00000,260.00000,121.00000,190.00000,71.00000,1087.00000,149.00000,22.00000,46.00000,416.00000,98.00000,98.00000,411.00000,64.00000,190.00000,95.00000,245.00000
"9075","Ourense, Vilar  de Cruces",42.146281000000002,-7.656734000000000,38.00000,15.00000,5191.00000,58.00000,260.00000,121.00000,190.00000,71.00000,1087.00000,149.00000,22.00000,46.00000,416.00000,98.00000,98.00000,411.00000,64.00000,190.00000,95.00000,245.00000
"9085","Lugo, Monforte de Lemos",42.529167999999999,-7.575504000000000,39.00000,29.00000,5005.00000,74.00000,266.00000,135.00000,201.00000,255.00000,915.00000,127.00000,22.00000,42.00000,341.00000,92.00000,92.00000,327.00000,79.00000,201.00000,93.00000,237.00000
"9086","Lugo, Monforte de Lemos",42.529167999999999,-7.575504000000000,39.00000,29.00000,5005.00000,74.00000,266.00000,135.00000,201.00000,255.00000,915.00000,127.00000,22.00000,42.00000,341.00000,92.00000,92.00000,327.00000,79.00000,201.00000,93.00000,237.00000
"9087","Lugo, Monforte de Lemos",42.529167999999999,-7.575504000000000,39.00000,29.00000,5005.00000,74.00000,266.00000,135.00000,201.00000,255.00000,915.00000,127.00000,22.00000,42.00000,341.00000,92.00000,92.00000,327.00000,79.00000,201.00000,93.00000,237.00000
"9088","Lugo, Monforte de Lemos",42.529167999999999,-7.575504000000000,39.00000,29.00000,5005.00000,74.00000,266.00000,135.00000,201.00000,255.00000,915.00000,127.00000,22.00000,42.00000,341.00000,92.00000,92.00000,327.00000,79.00000,201.00000,93.00000,237.00000
"9089","Lugo, Monforte de Lemos",42.529167999999999,-7.575504000000000,39.00000,29.00000,5005.00000,74.00000,266.00000,135.00000,201.00000,255.00000,915.00000,127.00000,22.00000,42.00000,341.00000,92.00000,92.00000,327.00000,79.00000,201.00000,93.00000,237.00000
"9111","Coruña, Corrubedo",42.524507000000000,-9.037037000000000,39.00000,81.00000,3291.00000,107.00000,230.00000,148.00000,191.00000,0.00000,1147.00000,161.00000,25.00000,46.00000,460.00000,107.00000,131.00000,414.00000,115.00000,190.00000,59.00000,149.00000
"9112","Coruña, Corrubedo",42.524507000000000,-9.037037000000000,39.00000,81.00000,3291.00000,107.00000,230.00000,148.00000,191.00000,0.00000,1147.00000,161.00000,25.00000,46.00000,460.00000,107.00000,131.00000,414.00000,115.00000,190.00000,59.00000,149.00000
"9113","Coruña, Corrubedo",42.524507000000000,-9.037037000000000,39.00000,81.00000,3291.00000,107.00000,230.00000,148.00000,191.00000,0.00000,1147.00000,161.00000,25.00000,46.00000,460.00000,107.00000,131.00000,414.00000,115.00000,190.00000,59.00000,149.00000
"9114","Coruña, Corrubedo",42.524507000000000,-9.037037000000000,39.00000,81.00000,3291.00000,107.00000,230.00000,148.00000,191.00000,0.00000,1147.00000,161.00000,25.00000,46.00000,460.00000,107.00000,131.00000,414.00000,115.00000,190.00000,59.00000,149.00000
"9115","Coruña, Corrubedo",42.524507000000000,-9.037037000000000,39.00000,81.00000,3291.00000,107.00000,230.00000,148.00000,191.00000,0.00000,1147.00000,161.00000,25.00000,46.00000,460.00000,107.00000,131.00000,414.00000,115.00000,190.00000,59.00000,149.00000
"109344",Tanger-Asilah,37.624427777777797,-5.978797222222220,39.00000,49.00000,6232.00000,102.00000,357.00000,179.00000,261.00000,255.00000,581.00000,85.00000,2.00000,62.00000,243.00000,20.00000,24.00000,229.00000,111.00000,260.00000,122.00000,308.00000
"109347",Tanger-Asilah,37.624427777777797,-5.978797222222220,39.00000,49.00000,6232.00000,102.00000,357.00000,179.00000,261.00000,255.00000,581.00000,85.00000,2.00000,62.00000,243.00000,20.00000,24.00000,229.00000,111.00000,260.00000,122.00000,308.00000
"109359",Kenitra,34.207913888888903,-6.575777777777780,43.00000,70.00000,4548.00000,125.00000,305.00000,183.00000,242.00000,133.00000,571.00000,113.00000,0.00000,77.00000,284.00000,8.00000,10.00000,261.00000,135.00000,239.00000,103.00000,235.00000
"109360",Kenitra,34.207913888888903,-6.575777777777780,43.00000,70.00000,4548.00000,125.00000,305.00000,183.00000,242.00000,133.00000,571.00000,113.00000,0.00000,77.00000,284.00000,8.00000,10.00000,261.00000,135.00000,239.00000,103.00000,235.00000
"109379",Mamora,34.063549999999999,-6.550961111111110,45.00000,69.00000,4567.00000,124.00000,310.00000,181.00000,242.00000,0.00000,552.00000,106.00000,0.00000,75.00000,268.00000,8.00000,10.00000,250.00000,134.00000,238.00000,109.00000,241.00000
"109380",Mamora,34.063549999999999,-6.550961111111110,45.00000,69.00000,4567.00000,124.00000,310.00000,181.00000,242.00000,0.00000,552.00000,106.00000,0.00000,75.00000,268.00000,8.00000,10.00000,250.00000,134.00000,238.00000,109.00000,241.00000
"109388",Ksar el Kebir,35.040444444444397,-6.039455555555560,45.00000,55.00000,4684.00000,121.00000,319.00000,182.00000,242.00000,133.00000,696.00000,135.00000,0.00000,80.00000,366.00000,10.00000,14.00000,366.00000,121.00000,240.00000,121.00000,264.00000
"109389",Ksar el Kebir,35.040444444444397,-6.039455555555560,45.00000,55.00000,4684.00000,121.00000,319.00000,182.00000,242.00000,133.00000,696.00000,135.00000,0.00000,80.00000,366.00000,10.00000,14.00000,366.00000,121.00000,240.00000,121.00000,264.00000
